{"chunk_definitions":[{"row":9,"row_count":1,"visible":true,"expansion_state":0,"options":{"engine":"r","label":"setup","include":false,"dev":"png"},"document_id":"0223AE8C","chunk_id":"csetup_chunk","chunk_label":"setup"},{"row":16,"row_count":1,"visible":true,"expansion_state":0,"options":{"engine":"r","label":"unnamed-chunk-31","dev":"png"},"document_id":"0223AE8C","chunk_id":"cv9nplhicr1kk","chunk_label":"unnamed-chunk-1"},{"row":20,"row_count":1,"visible":true,"expansion_state":0,"options":{"engine":"r","label":"unnamed-chunk-32","dev":"png"},"document_id":"0223AE8C","chunk_id":"cmn33wbrl8scg","chunk_label":"unnamed-chunk-2"},{"row":27,"row_count":1,"visible":true,"expansion_state":0,"options":{"engine":"r","label":"unnamed-chunk-33","dev":"png"},"document_id":"0223AE8C","chunk_id":"ct1bm2b2bfy8e","chunk_label":"unnamed-chunk-3"},{"row":32,"row_count":1,"visible":true,"expansion_state":0,"options":{"engine":"r","label":"unnamed-chunk-34","dev":"png"},"document_id":"0223AE8C","chunk_id":"c67r9kwfm02zv","chunk_label":"unnamed-chunk-4"},{"row":36,"row_count":1,"visible":true,"expansion_state":0,"options":{"engine":"r","label":"unnamed-chunk-35","dev":"png"},"document_id":"0223AE8C","chunk_id":"ch3ihf8y96y8n","chunk_label":"unnamed-chunk-5"},{"row":39,"row_count":1,"visible":true,"expansion_state":0,"options":{"engine":"r","label":"unnamed-chunk-36","dev":"png"},"document_id":"0223AE8C","chunk_id":"criomlpr4eeqf","chunk_label":"unnamed-chunk-6"},{"row":43,"row_count":1,"visible":true,"expansion_state":0,"options":{"engine":"r","label":"unnamed-chunk-37","dev":"png"},"document_id":"0223AE8C","chunk_id":"c0dbgkmjkg2ax","chunk_label":"unnamed-chunk-7"},{"row":47,"row_count":1,"visible":true,"expansion_state":0,"options":{"engine":"r","label":"unnamed-chunk-38","dev":"png"},"document_id":"0223AE8C","chunk_id":"cdw69lz4ct57y","chunk_label":"unnamed-chunk-8"}],"doc_write_time":1712327749,"working_dir":null,"default_chunk_options":{"echo":true}}